,Codon,Amino_Acid,Preferred,Codon_Total_Count,Fraction,RSCU
61,TAA,*,False,37252,0.330755502676978,0.9922665080309341
63,TAG,*,False,24809,0.2202757775666581,0.6608273326999743
62,TGA,*,True,50566,0.44896871975636393,1.3469061592690919
2,GCA,A,False,46752,0.286904813044252,1.147619252177008
1,GCC,A,True,50329,0.30885592778285764,1.2354237111314306
3,GCG,A,False,19046,0.11688032745638313,0.4675213098255325
0,GCT,A,False,46826,0.2873589317165072,1.149435726866029
5,TGC,C,False,46413,0.47745087953914206,0.9549017590782841
4,TGT,C,True,50797,0.5225491204608579,1.0450982409217158
7,GAC,D,False,34043,0.4917163780278191,0.9834327560556382
6,GAT,D,True,35190,0.5082836219721809,1.0165672439443618
8,GAA,E,True,57480,0.5038657760479672,1.0077315520959345
9,GAG,E,False,56598,0.4961342239520328,0.9922684479040657
11,TTC,F,False,49172,0.40182066305475883,0.8036413261095177
10,TTT,F,True,73201,0.5981793369452412,1.1963586738904823
14,GGA,G,True,52597,0.2945142198007716,1.1780568792030863
13,GGC,G,False,46921,0.2627317471960759,1.0509269887843036
15,GGG,G,False,47117,0.26382923920286244,1.0553169568114498
12,GGT,G,False,31954,0.17892479380029006,0.7156991752011602
17,CAC,H,True,43134,0.5026862610276551,1.0053725220553102
16,CAT,H,False,42673,0.49731373897234493,0.9946274779446899
20,ATA,I,False,35728,0.2985693274501939,0.8957079823505817
19,ATC,I,False,34998,0.2924689129562776,0.8774067388688328
18,ATT,I,True,48938,0.40896175959352854,1.2268852787805857
21,AAA,K,True,77011,0.5719388929735831,1.1438777859471663
22,AAG,K,False,57638,0.4280611070264168,0.8561222140528336
27,CTA,L,False,27732,0.09754072990236079,0.5852443794141647
26,CTC,L,False,49421,0.1738266411547877,1.0429598469287262
28,CTG,L,True,73241,0.2576078392751625,1.545647035650975
25,CTT,L,False,49198,0.1730422915670109,1.0382537494020654
23,TTA,L,False,38821,0.13654365626494835,0.8192619375896901
24,TTG,L,False,45899,0.16143884183572976,0.9686330510143786
29,ATG,M,True,49757,1.0,1.0
31,AAC,N,False,37369,0.43854666651019236,0.8770933330203847
30,AAT,N,True,47842,0.5614533334898076,1.1229066669796153
34,CCA,P,False,56221,0.302247191011236,1.208988764044944
33,CCC,P,False,51310,0.2758453846567389,1.1033815386269556
35,CCG,P,False,21310,0.11456373313262727,0.4582549325305091
32,CCT,P,True,57169,0.30734369119939786,1.2293747647975914
36,CAA,Q,False,45401,0.39613471773841724,0.7922694354768345
37,CAG,Q,True,69209,0.6038652822615828,1.2077305645231655
42,AGA,R,True,60397,0.3405180190338731,2.0431081142032386
43,AGG,R,False,52845,0.2979398764151369,1.7876392584908216
40,CGA,R,False,11963,0.06744734112128456,0.40468404672770736
39,CGC,R,False,18144,0.10229579180009923,0.6137747508005954
41,CGG,R,False,21886,0.12339317125975373,0.7403590275585225
38,CGT,R,False,12133,0.06840580036985251,0.4104348022191151
49,AGC,S,False,48138,0.19475743317325392,1.1685445990395236
48,AGT,S,False,39420,0.15948601968693485,0.9569161181216091
46,TCA,S,False,48033,0.19433262261853226,1.1659957357111936
45,TCC,S,False,47435,0.1919132253640222,1.1514793521841333
47,TCG,S,False,11795,0.04772038564706739,0.28632231388240437
44,TCT,S,True,52348,0.21179031351018937,1.2707418810611364
52,ACA,T,True,49831,0.35389575802339374,1.415583032093575
51,ACC,T,False,37991,0.2698090293806416,1.0792361175225664
53,ACG,T,False,13307,0.0945052447676607,0.3780209790706428
50,ACT,T,False,39678,0.281789967828304,1.127159871313216
56,GTA,V,False,25792,0.1809342752316747,0.7237371009266989
55,GTC,V,False,30869,0.21655009856259952,0.8662003942503981
57,GTG,V,True,50494,0.3542220569768992,1.4168882279075967
54,GTT,V,False,35394,0.2482935692288266,0.9931742769153064
58,TGG,W,True,58304,1.0,1.0
60,TAC,Y,False,26482,0.417427215838338,0.834854431676676
59,TAT,Y,True,36959,0.582572784161662,1.165145568323324
